Logo,Date,Ligue,Match,Score_Live,Etat,1_pct,X_pct,2_pct,Score_Prédit,Total_Buts,Confiance
https://crests.football-data.org/4286.png,2026-10-07,Campeonato Brasileiro Série A,RB Bragantino vs Mirassol FC,0-0,PRE,62,5,35,0-2,-2.5,⭐⭐⭐
https://crests.football-data.org/6684.png,2026-10-07,Campeonato Brasileiro Série A,SC Internacional vs SC Corinthians Paulista,0-0,PRE,46,5,54,1-2,+2.5,⭐⭐⭐
https://crests.football-data.org/4287.png,2026-10-07,Campeonato Brasileiro Série A,Clube do Remo vs Grêmio FBPA,0-0,PRE,53,5,55,0-1,-2.5,⭐⭐⭐
https://crests.football-data.org/1782.png,2026-10-07,Campeonato Brasileiro Série A,EC Vitória vs Chapecoense AF,0-0,PRE,56,5,46,1-0,-2.5,⭐⭐⭐
https://crests.football-data.org/1770.png,2026-10-07,Campeonato Brasileiro Série A,Botafogo FR vs CR Vasco da Gama,0-0,PRE,65,5,36,2-4,+2.5,⭐⭐⭐
https://crests.football-data.org/1771.png,2026-10-08,Campeonato Brasileiro Série A,Cruzeiro EC vs São Paulo FC,0-0,PRE,54,8,38,4-0,+2.5,⭐⭐⭐
https://crests.football-data.org/6685.png,2026-10-08,Campeonato Brasileiro Série A,Santos FC vs CR Flamengo,0-0,PRE,55,5,43,0-4,+2.5,⭐⭐⭐
https://crests.football-data.org/1768.png,2026-10-08,Campeonato Brasileiro Série A,CA Paranaense vs CA Mineiro,0-0,PRE,51,6,43,4-2,+2.5,⭐⭐⭐
https://crests.football-data.org/1765.png,2026-10-09,Campeonato Brasileiro Série A,Fluminense FC vs Coritiba FBC,0-0,PRE,70,5,25,2-2,+2.5,⭐⭐⭐⭐⭐
https://crests.football-data.org/1769.png,2026-10-09,Campeonato Brasileiro Série A,SE Palmeiras vs EC Bahia,0-0,PRE,52,5,49,3-4,+2.5,⭐⭐⭐
https://crests.football-data.org/583.png,2026-10-09,Primeira Liga,Moreirense FC vs Gil Vicente FC,0-0,PRE,43,5,59,1-0,-2.5,⭐⭐⭐
https://crests.football-data.org/674.png,2026-10-09,Eredivisie,PSV vs SC Heerenveen,0-0,PRE,71,5,31,3-1,+2.5,⭐⭐⭐⭐⭐
https://crests.football-data.org/4.png,2026-10-09,Bundesliga,Borussia Dortmund vs SV Werder Bremen,0-0,PRE,59,5,44,2-0,-2.5,⭐⭐⭐
https://crests.football-data.org/546.png,2026-10-09,Ligue 1,Racing Club de Lens vs Olympique Lyonnais,0-0,PRE,57,5,42,2-2,+2.5,⭐⭐⭐
https://crests.football-data.org/84.png,2026-10-09,Primera Division,Málaga CF vs RCD Espanyol de Barcelona,0-0,PRE,63,5,40,1-1,-2.5,⭐⭐⭐
https://crests.football-data.org/563.png,2026-10-09,Championship,West Ham United FC vs Queens Park Rangers FC,0-0,PRE,49,8,43,2-0,-2.5,⭐⭐⭐
https://crests.football-data.org/5613.png,2026-10-09,Primeira Liga,Sporting Clube de Braga vs Sporting Clube de Portugal,0-0,PRE,49,6,45,2-1,+2.5,⭐⭐⭐
https://crests.football-data.org/348.png,2026-10-10,Championship,Charlton Athletic FC vs Bristol City FC,0-0,PRE,67,5,32,3-0,+2.5,⭐⭐⭐⭐⭐
https://crests.football-data.org/57.png,2026-10-10,Premier League,Arsenal FC vs Leeds United FC,0-0,PRE,63,5,39,3-2,+2.5,⭐⭐⭐
https://crests.football-data.org/74.png,2026-10-10,Championship,West Bromwich Albion FC vs Birmingham City FC,0-0,PRE,54,5,47,0-0,-2.5,⭐⭐⭐
https://crests.football-data.org/72.png,2026-10-10,Championship,Swansea City AFC vs Norwich City FC,0-0,PRE,50,5,49,1-2,+2.5,⭐⭐⭐
https://crests.football-data.org/87.png,2026-10-10,Primera Division,Rayo Vallecano de Madrid vs Athletic Club,0-0,PRE,79,5,27,2-0,-2.5,⭐⭐⭐⭐⭐
https://crests.football-data.org/107.png,2026-10-10,Serie A,Genoa CFC vs ACF Fiorentina,0-0,PRE,53,5,46,3-4,+2.5,⭐⭐⭐
https://crests.football-data.org/29.png,2026-10-10,Bundesliga,SC Paderborn 07 vs VfB Stuttgart,0-0,PRE,64,5,36,0-0,-2.5,⭐⭐⭐
https://crests.football-data.org/28.png,2026-10-10,Bundesliga,1. FC Union Berlin vs SV 07 Elversberg,0-0,PRE,52,5,52,1-3,+2.5,⭐⭐⭐
https://crests.football-data.org/16.png,2026-10-10,Bundesliga,FC Augsburg vs FC Bayern München,0-0,PRE,72,6,22,1-2,+2.5,⭐⭐⭐⭐⭐
https://crests.football-data.org/2.png,2026-10-10,Bundesliga,TSG 1899 Hoffenheim vs Hamburger SV,0-0,PRE,71,5,26,0-2,-2.5,⭐⭐⭐⭐⭐
https://crests.football-data.org/15.png,2026-10-10,Bundesliga,1. FSV Mainz 05 vs Bayer 04 Leverkusen,0-0,PRE,60,5,36,1-1,-2.5,⭐⭐⭐
https://crests.football-data.org/1081.png,2026-10-10,Championship,Preston North End FC vs Millwall FC,0-0,PRE,40,5,56,1-1,-2.5,⭐⭐⭐
https://crests.football-data.org/349.png,2026-10-10,Premier League,Ipswich Town FC vs Fulham FC,0-0,PRE,52,5,53,0-1,-2.5,⭐⭐⭐
https://crests.football-data.org/356.png,2026-10-10,Championship,Sheffield United FC vs Lincoln City FC,0-0,PRE,52,5,53,0-2,-2.5,⭐⭐⭐
https://crests.football-data.org/58.png,2026-10-10,Premier League,Aston Villa FC vs Brentford FC,0-0,PRE,53,5,48,1-1,-2.5,⭐⭐⭐
https://crests.football-data.org/59.png,2026-10-10,Championship,Blackburn Rovers FC vs Cardiff City FC,0-0,PRE,59,5,41,1-1,-2.5,⭐⭐⭐
https://crests.football-data.org/346.png,2026-10-10,Championship,Watford FC vs Burnley FC,0-0,PRE,33,5,63,1-0,-2.5,⭐⭐⭐
https://crests.football-data.org/343.png,2026-10-10,Championship,Middlesbrough FC vs Wolverhampton Wanderers FC,0-0,PRE,69,5,33,1-1,-2.5,⭐⭐⭐⭐⭐
https://crests.football-data.org/342.png,2026-10-10,Championship,Derby County FC vs Wrexham AFC,0-0,PRE,78,5,22,1-1,-2.5,⭐⭐⭐⭐⭐
https://crests.football-data.org/71.png,2026-10-10,Premier League,Sunderland AFC vs Brighton & Hove Albion FC,0-0,PRE,59,5,36,0-0,-2.5,⭐⭐⭐
https://crests.football-data.org/60.png,2026-10-10,Championship,Bolton Wanderers FC vs Stoke City FC,0-0,PRE,34,5,67,1-3,+2.5,⭐⭐⭐⭐⭐
https://crests.football-data.org/61.png,2026-10-10,Premier League,Chelsea FC vs AFC Bournemouth,0-0,PRE,76,7,17,0-1,-2.5,⭐⭐⭐⭐⭐
https://crests.football-data.org/263.png,2026-10-10,Primera Division,Deportivo Alavés vs Club Atlético de Madrid,0-0,PRE,37,5,59,0-5,+2.5,⭐⭐⭐
https://crests.football-data.org/6618.png,2026-10-10,Primeira Liga,Casa Pia AC vs CD Santa Clara,0-0,PRE,61,5,39,1-0,-2.5,⭐⭐⭐
https://crests.football-data.org/718.png,2026-10-10,Eredivisie,Go Ahead Eagles vs Sparta Rotterdam,0-0,PRE,45,5,51,2-3,+2.5,⭐⭐⭐
https://crests.football-data.org/521.png,2026-10-10,Ligue 1,Lille OSC vs Le Havre AC,0-0,PRE,58,5,48,2-2,+2.5,⭐⭐⭐
https://crests.football-data.org/108.png,2026-10-10,Serie A,FC Internazionale Milano vs Parma Calcio 1913,0-0,PRE,50,5,48,1-1,-2.5,⭐⭐⭐
https://crests.football-data.org/81.png,2026-10-10,Primera Division,FC Barcelona vs Getafe CF,0-0,PRE,57,5,39,0-0,-2.5,⭐⭐⭐
https://crests.football-data.org/721.png,2026-10-10,Bundesliga,RB Leipzig vs Eintracht Frankfurt,0-0,PRE,36,7,57,2-1,+2.5,⭐⭐⭐
https://crests.football-data.org/66.png,2026-10-10,Premier League,Manchester United FC vs Tottenham Hotspur FC,0-0,PRE,38,5,63,1-0,-2.5,⭐⭐⭐
https://crests.football-data.org/675.png,2026-10-10,Eredivisie,Feyenoord Rotterdam vs AZ,0-0,PRE,70,5,33,3-1,+2.5,⭐⭐⭐⭐⭐
https://crests.football-data.org/5575.png,2026-10-10,Primeira Liga,CS Marítimo vs FC Porto,0-0,PRE,37,5,59,1-2,+2.5,⭐⭐⭐
https://crests.football-data.org/1920.png,2026-10-10,Eredivisie,Fortuna Sittard vs FC Twente '65,0-0,PRE,55,5,42,2-1,+2.5,⭐⭐⭐
https://crests.football-data.org/525.png,2026-10-10,Ligue 1,FC Lorient vs Paris FC,0-0,PRE,49,6,45,1-0,-2.5,⭐⭐⭐
https://crests.football-data.org/524.png,2026-10-10,Ligue 1,Paris Saint-Germain FC vs Le Mans FC,0-0,PRE,58,5,48,2-1,+2.5,⭐⭐⭐
https://crests.football-data.org/113.png,2026-10-10,Serie A,SSC Napoli vs Frosinone Calcio,0-0,PRE,74,5,24,0-1,-2.5,⭐⭐⭐⭐⭐
https://crests.football-data.org/512.png,2026-10-10,Ligue 1,Stade Brestois 29 vs Angers SCO,0-0,PRE,44,9,47,2-0,-2.5,⭐⭐⭐
https://crests.football-data.org/548.png,2026-10-10,Ligue 1,AS Monaco FC vs Toulouse FC,0-0,PRE,71,5,33,1-4,+2.5,⭐⭐⭐⭐⭐
https://crests.football-data.org/678.png,2026-10-10,Eredivisie,AFC Ajax vs NEC,0-0,PRE,60,5,36,3-3,+2.5,⭐⭐⭐
https://crests.football-data.org/86.png,2026-10-10,Primera Division,Real Madrid CF vs Villarreal CF,0-0,PRE,59,5,41,0-2,-2.5,⭐⭐⭐
https://crests.football-data.org/5527.png,2026-10-10,Primeira Liga,Académico de Viseu FC vs GD Estoril Praia,0-0,PRE,59,5,38,1-0,-2.5,⭐⭐⭐
https://crests.football-data.org/1780.png,2026-10-10,Campeonato Brasileiro Série A,CR Vasco da Gama vs Clube do Remo,0-0,PRE,65,5,36,0-2,-2.5,⭐⭐⭐
https://crests.football-data.org/1776.png,2026-10-11,Campeonato Brasileiro Série A,São Paulo FC vs EC Vitória,0-0,PRE,56,9,35,3-1,+2.5,⭐⭐⭐
